model,balance,n_features,threshold,accuracy,balanced_accuracy,precision,recall,f1,roc_auc,average_precision
logistic_regression,balanced,25,0.5,0.6264824773303876,0.6312705177566926,0.15766993820428934,0.6372428991185113,0.25279261777561923,0.6821276586134057,0.20193605432230355
logistic_regression,balanced,25,0.4,0.442090824117797,0.6109150090489659,0.13102397875497931,0.8214985308521058,0.226002020882452,0.6821276586134057,0.20193605432230355
logistic_regression,balanced,25,0.3,0.26852717318734143,0.5644824675402406,0.113242849930207,0.933643486777669,0.2019864918553834,0.6821276586134057,0.20193605432230355
logistic_regression,balanced,25,0.2,0.12884351594459753,0.5132114196555073,0.10158746068936138,0.9926542605288933,0.18431252202180015,0.6821276586134057,0.20193605432230355
logistic_regression,balanced,25,0.1,0.0991514827808058,0.5,0.0991514827808058,1.0,0.18041459131721646,0.6821276586134057,0.20193605432230355
random_forest,balanced,25,0.5,0.6138336226465483,0.6312775217356457,0.15545581720680812,0.6530362389813908,0.25112994350282486,0.6805078340234599,0.20123977930111595
random_forest,balanced,25,0.4,0.4170601731023683,0.6045944859675665,0.12789438302957873,0.8385161606268364,0.22193778353856125,0.6805078340234599,0.20123977930111595
random_forest,balanced,25,0.3,0.2500030347540028,0.5564345278308874,0.11119651921682379,0.9386630754162586,0.19883814414274228,0.6805078340234599,0.20123977930111595
random_forest,balanced,25,0.2,0.10021971618980566,0.5004839501170334,0.09923803273907178,0.9997551420176298,0.1805538665634846,0.6805078340234599,0.20123977930111595
random_forest,balanced,25,0.1,0.0991514827808058,0.5,0.0991514827808058,1.0,0.18041459131721646,0.6805078340234599,0.20123977930111595
xgboost,balanced,25,0.5,0.6378081792689885,0.6311283677516333,0.1597525358791571,0.622796278158668,0.2542800729799305,0.6802000152937666,0.20189422982585845
xgboost,balanced,25,0.4,0.4637953847461125,0.6132648435752408,0.1331213825711258,0.7997061704211558,0.22824795583199384,0.6802000152937666,0.20189422982585845
xgboost,balanced,25,0.3,0.29547578873256536,0.5706690299350408,0.11520061728395062,0.9139324191968659,0.2046102401052516,0.6802000152937666,0.20189422982585845
xgboost,balanced,25,0.2,0.13758360747277826,0.5161557592731559,0.1021601305948901,0.9883692458374143,0.18517966303861638,0.6802000152937666,0.20189422982585845
xgboost,balanced,25,0.1,0.09984340669345343,0.5002750862019804,0.09920066085181856,0.9997551420176298,0.18049200981367283,0.6802000152937666,0.20189422982585845
